"Country Name","Country Code","Indicator Name","Indicator Code","1960","1961","1962","1963","1964","1965","1966","1967","1968","1969","1970","1971","1972","1973","1974","1975","1976","1977","1978","1979","1980","1981","1982","1983","1984","1985","1986","1987","1988","1989","1990","1991","1992","1993","1994","1995","1996","1997","1998","1999","2000","2001","2002","2003","2004","2005","2006","2007","2008","2009","2010","2011","2012","2013","2014","2015","2016","2017","2018","2019","2020",
"Aruba","ABW","UHC service coverage index","SH.UHC.SRVS.CV.XD","","","","","","","","","","","","","","","","","","","","","","","","","","","","","","","","","","","","","","","","","","","","","","","","","","","","","","","","","","","","","",
"Africa Eastern and Southern","AFE","UHC service coverage index","SH.UHC.SRVS.CV.XD","","","","","","","","","","","","","","","","","","","","","","","","","","","","","","","","","","","","","","","","","","","","","","","","","","","","","","","","","","","","","",
"Afghanistan","AFG","UHC service coverage index","SH.UHC.SRVS.CV.XD","","","","","","","","","","","","","","","","","","","","","","","","","","","","","","","","","","","","","","","","","21","","","","","26","","","","","28","","","","","32","","36","","37","",
"Africa Western and Central","AFW","UHC service coverage index","SH.UHC.SRVS.CV.XD","","","","","","","","","","","","","","","","","","","","","","","","","","","","","","","","","","","","","","","","","","","","","","","","","","","","","","","","","","","","","",
"Angola","AGO","UHC service coverage index","SH.UHC.SRVS.CV.XD","","","","","","","","","","","","","","","","","","","","","","","","","","","","","","","","","","","","","","","","","22","","","","","23","","","","","32","","","","","37","","39","","39","",
"Albania","ALB","UHC service coverage index","SH.UHC.SRVS.CV.XD","","","","","","","","","","","","","","","","","","","","","","","","","","","","","","","","","","","","","","","","","45","","","","","55","","","","","59","","","","","62","","62","","62","",
"Andorra","AND","UHC service coverage index","SH.UHC.SRVS.CV.XD","","","","","","","","","","","","","","","","","","","","","","","","","","","","","","","","","","","","","","","","","66","","","","","71","","","","","73","","","","","75","","76","","77","",
"Arab World","ARB","UHC service coverage index","SH.UHC.SRVS.CV.XD","","","","","","","","","","","","","","","","","","","","","","","","","","","","","","","","","","","","","","","","","","","","","","","","","","","","","","","","","","","","","",
"United Arab Emirates","ARE","UHC service coverage index","SH.UHC.SRVS.CV.XD","","","","","","","","","","","","","","","","","","","","","","","","","","","","","","","","","","","","","","","","","51","","","","","76","","","","","74","","","","","79","","77","","78","",
"Argentina","ARG","UHC service coverage index","SH.UHC.SRVS.CV.XD","","","","","","","","","","","","","","","","","","","","","","","","","","","","","","","","","","","","","","","","","68","","","","","72","","","","","73","","","","","74","","74","","73","",
"Armenia","ARM","UHC service coverage index","SH.UHC.SRVS.CV.XD","","","","","","","","","","","","","","","","","","","","","","","","","","","","","","","","","","","","","","","","","46","","","","","46","","","","","57","","","","","65","","68","","69","",
"American Samoa","ASM","UHC service coverage index","SH.UHC.SRVS.CV.XD","","","","","","","","","","","","","","","","","","","","","","","","","","","","","","","","","","","","","","","","","","","","","","","","","","","","","","","","","","","","","",
"Antigua and Barbuda","ATG","UHC service coverage index","SH.UHC.SRVS.CV.XD","","","","","","","","","","","","","","","","","","","","","","","","","","","","","","","","","","","","","","","","","43","","","","","65","","","","","69","","","","","72","","72","","72","",
"Australia","AUS","UHC service coverage index","SH.UHC.SRVS.CV.XD","","","","","","","","","","","","","","","","","","","","","","","","","","","","","","","","","","","","","","","","","80","","","","","82","","","","","83","","","","","86","","87","","87","",
"Austria","AUT","UHC service coverage index","SH.UHC.SRVS.CV.XD","","","","","","","","","","","","","","","","","","","","","","","","","","","","","","","","","","","","","","","","","66","","","","","72","","","","","76","","","","","79","","81","","82","",
"Azerbaijan","AZE","UHC service coverage index","SH.UHC.SRVS.CV.XD","","","","","","","","","","","","","","","","","","","","","","","","","","","","","","","","","","","","","","","","","44","","","","","39","","","","","53","","","","","61","","63","","65","",
"Burundi","BDI","UHC service coverage index","SH.UHC.SRVS.CV.XD","","","","","","","","","","","","","","","","","","","","","","","","","","","","","","","","","","","","","","","","","17","","","","","25","","","","","36","","","","","40","","42","","44","",
"Belgium","BEL","UHC service coverage index","SH.UHC.SRVS.CV.XD","","","","","","","","","","","","","","","","","","","","","","","","","","","","","","","","","","","","","","","","","76","","","","","79","","","","","82","","","","","84","","85","","85","",
"Benin","BEN","UHC service coverage index","SH.UHC.SRVS.CV.XD","","","","","","","","","","","","","","","","","","","","","","","","","","","","","","","","","","","","","","","","","23","","","","","24","","","","","35","","","","","37","","38","","38","",
"Burkina Faso","BFA","UHC service coverage index","SH.UHC.SRVS.CV.XD","","","","","","","","","","","","","","","","","","","","","","","","","","","","","","","","","","","","","","","","","19","","","","","26","","","","","33","","","","","39","","41","","43","",
"Bangladesh","BGD","UHC service coverage index","SH.UHC.SRVS.CV.XD","","","","","","","","","","","","","","","","","","","","","","","","","","","","","","","","","","","","","","","","","24","","","","","26","","","","","37","","","","","45","","48","","51","",
"Bulgaria","BGR","UHC service coverage index","SH.UHC.SRVS.CV.XD","","","","","","","","","","","","","","","","","","","","","","","","","","","","","","","","","","","","","","","","","67","","","","","63","","","","","63","","","","","66","","67","","70","",
"Bahrain","BHR","UHC service coverage index","SH.UHC.SRVS.CV.XD","","","","","","","","","","","","","","","","","","","","","","","","","","","","","","","","","","","","","","","","","64","","","","","66","","","","","69","","","","","72","","72","","71","",
"Bahamas, The","BHS","UHC service coverage index","SH.UHC.SRVS.CV.XD","","","","","","","","","","","","","","","","","","","","","","","","","","","","","","","","","","","","","","","","","50","","","","","64","","","","","64","","","","","67","","69","","70","",
"Bosnia and Herzegovina","BIH","UHC service coverage index","SH.UHC.SRVS.CV.XD","","","","","","","","","","","","","","","","","","","","","","","","","","","","","","","","","","","","","","","","","43","","","","","59","","","","","59","","","","","62","","65","","65","",
"Belarus","BLR","UHC service coverage index","SH.UHC.SRVS.CV.XD","","","","","","","","","","","","","","","","","","","","","","","","","","","","","","","","","","","","","","","","","50","","","","","55","","","","","65","","","","","69","","71","","74","",
"Belize","BLZ","UHC service coverage index","SH.UHC.SRVS.CV.XD","","","","","","","","","","","","","","","","","","","","","","","","","","","","","","","","","","","","","","","","","46","","","","","59","","","","","64","","","","","64","","65","","67","",
"Bermuda","BMU","UHC service coverage index","SH.UHC.SRVS.CV.XD","","","","","","","","","","","","","","","","","","","","","","","","","","","","","","","","","","","","","","","","","","","","","","","","","","","","","","","","","","","","","",
"Bolivia","BOL","UHC service coverage index","SH.UHC.SRVS.CV.XD","","","","","","","","","","","","","","","","","","","","","","","","","","","","","","","","","","","","","","","","","43","","","","","49","","","","","57","","","","","65","","65","","67","",
"Brazil","BRA","UHC service coverage index","SH.UHC.SRVS.CV.XD","","","","","","","","","","","","","","","","","","","","","","","","","","","","","","","","","","","","","","","","","68","","","","","72","","","","","74","","","","","75","","75","","75","",
"Barbados","BRB","UHC service coverage index","SH.UHC.SRVS.CV.XD","","","","","","","","","","","","","","","","","","","","","","","","","","","","","","","","","","","","","","","","","41","","","","","68","","","","","70","","","","","73","","74","","74","",
"Brunei Darussalam","BRN","UHC service coverage index","SH.UHC.SRVS.CV.XD","","","","","","","","","","","","","","","","","","","","","","","","","","","","","","","","","","","","","","","","","55","","","","","67","","","","","73","","","","","73","","78","","77","",
"Bhutan","BTN","UHC service coverage index","SH.UHC.SRVS.CV.XD","","","","","","","","","","","","","","","","","","","","","","","","","","","","","","","","","","","","","","","","","40","","","","","38","","","","","49","","","","","57","","60","","62","",
"Botswana","BWA","UHC service coverage index","SH.UHC.SRVS.CV.XD","","","","","","","","","","","","","","","","","","","","","","","","","","","","","","","","","","","","","","","","","32","","","","","46","","","","","51","","","","","53","","54","","54","",
"Central African Republic","CAF","UHC service coverage index","SH.UHC.SRVS.CV.XD","","","","","","","","","","","","","","","","","","","","","","","","","","","","","","","","","","","","","","","","","15","","","","","20","","","","","27","","","","","30","","30","","32","",
"Canada","CAN","UHC service coverage index","SH.UHC.SRVS.CV.XD","","","","","","","","","","","","","","","","","","","","","","","","","","","","","","","","","","","","","","","","","76","","","","","81","","","","","84","","","","","89","","89","","89","",
"Central Europe and the Baltics","CEB","UHC service coverage index","SH.UHC.SRVS.CV.XD","","","","","","","","","","","","","","","","","","","","","","","","","","","","","","","","","","","","","","","","","","","","","","","","","","","","","","","","","","","","","",
"Switzerland","CHE","UHC service coverage index","SH.UHC.SRVS.CV.XD","","","","","","","","","","","","","","","","","","","","","","","","","","","","","","","","","","","","","","","","","77","","","","","81","","","","","83","","","","","84","","86","","87","",
"Channel Islands","CHI","UHC service coverage index","SH.UHC.SRVS.CV.XD","","","","","","","","","","","","","","","","","","","","","","","","","","","","","","","","","","","","","","","","","","","","","","","","","","","","","","","","","","","","","",
"Chile","CHL","UHC service coverage index","SH.UHC.SRVS.CV.XD","","","","","","","","","","","","","","","","","","","","","","","","","","","","","","","","","","","","","","","","","63","","","","","71","","","","","73","","","","","77","","78","","80","",
"China","CHN","UHC service coverage index","SH.UHC.SRVS.CV.XD","","","","","","","","","","","","","","","","","","","","","","","","","","","","","","","","","","","","","","","","","50","","","","","59","","","","","68","","","","","77","","80","","82","",
"Cote d'Ivoire","CIV","UHC service coverage index","SH.UHC.SRVS.CV.XD","","","","","","","","","","","","","","","","","","","","","","","","","","","","","","","","","","","","","","","","","19","","","","","27","","","","","35","","","","","43","","45","","45","",
"Cameroon","CMR","UHC service coverage index","SH.UHC.SRVS.CV.XD","","","","","","","","","","","","","","","","","","","","","","","","","","","","","","","","","","","","","","","","","20","","","","","30","","","","","34","","","","","41","","43","","44","",
"Congo, Dem. Rep.","COD","UHC service coverage index","SH.UHC.SRVS.CV.XD","","","","","","","","","","","","","","","","","","","","","","","","","","","","","","","","","","","","","","","","","22","","","","","25","","","","","31","","","","","35","","37","","39","",
"Congo, Rep.","COG","UHC service coverage index","SH.UHC.SRVS.CV.XD","","","","","","","","","","","","","","","","","","","","","","","","","","","","","","","","","","","","","","","","","21","","","","","29","","","","","34","","","","","40","","39","","40","",
"Colombia","COL","UHC service coverage index","SH.UHC.SRVS.CV.XD","","","","","","","","","","","","","","","","","","","","","","","","","","","","","","","","","","","","","","","","","51","","","","","64","","","","","69","","","","","76","","77","","78","",
"Comoros","COM","UHC service coverage index","SH.UHC.SRVS.CV.XD","","","","","","","","","","","","","","","","","","","","","","","","","","","","","","","","","","","","","","","","","26","","","","","31","","","","","38","","","","","41","","42","","44","",
"Cabo Verde","CPV","UHC service coverage index","SH.UHC.SRVS.CV.XD","","","","","","","","","","","","","","","","","","","","","","","","","","","","","","","","","","","","","","","","","35","","","","","54","","","","","62","","","","","67","","68","","69","",
"Costa Rica","CRI","UHC service coverage index","SH.UHC.SRVS.CV.XD","","","","","","","","","","","","","","","","","","","","","","","","","","","","","","","","","","","","","","","","","65","","","","","69","","","","","73","","","","","74","","77","","78","",
"Caribbean small states","CSS","UHC service coverage index","SH.UHC.SRVS.CV.XD","","","","","","","","","","","","","","","","","","","","","","","","","","","","","","","","","","","","","","","","","","","","","","","","","","","","","","","","","","","","","",
"Cuba","CUB","UHC service coverage index","SH.UHC.SRVS.CV.XD","","","","","","","","","","","","","","","","","","","","","","","","","","","","","","","","","","","","","","","","","57","","","","","72","","","","","77","","","","","80","","81","","80","",
"Curacao","CUW","UHC service coverage index","SH.UHC.SRVS.CV.XD","","","","","","","","","","","","","","","","","","","","","","","","","","","","","","","","","","","","","","","","","","","","","","","","","","","","","","","","","","","","","",
"Cayman Islands","CYM","UHC service coverage index","SH.UHC.SRVS.CV.XD","","","","","","","","","","","","","","","","","","","","","","","","","","","","","","","","","","","","","","","","","","","","","","","","","","","","","","","","","","","","","",
"Cyprus","CYP","UHC service coverage index","SH.UHC.SRVS.CV.XD","","","","","","","","","","","","","","","","","","","","","","","","","","","","","","","","","","","","","","","","","53","","","","","68","","","","","72","","","","","77","","79","","79","",
"Czech Republic","CZE","UHC service coverage index","SH.UHC.SRVS.CV.XD","","","","","","","","","","","","","","","","","","","","","","","","","","","","","","","","","","","","","","","","","72","","","","","71","","","","","73","","","","","76","","78","","78","",
"Germany","DEU","UHC service coverage index","SH.UHC.SRVS.CV.XD","","","","","","","","","","","","","","","","","","","","","","","","","","","","","","","","","","","","","","","","","76","","","","","80","","","","","82","","","","","84","","85","","86","",
"Djibouti","DJI","UHC service coverage index","SH.UHC.SRVS.CV.XD","","","","","","","","","","","","","","","","","","","","","","","","","","","","","","","","","","","","","","","","","27","","","","","32","","","","","40","","","","","44","","49","","48","",
"Dominica","DMA","UHC service coverage index","SH.UHC.SRVS.CV.XD","","","","","","","","","","","","","","","","","","","","","","","","","","","","","","","","","","","","","","","","","41","","","","","60","","","","","64","","","","","66","","66","","67","",
"Denmark","DNK","UHC service coverage index","SH.UHC.SRVS.CV.XD","","","","","","","","","","","","","","","","","","","","","","","","","","","","","","","","","","","","","","","","","77","","","","","78","","","","","80","","","","","83","","84","","85","",
"Dominican Republic","DOM","UHC service coverage index","SH.UHC.SRVS.CV.XD","","","","","","","","","","","","","","","","","","","","","","","","","","","","","","","","","","","","","","","","","45","","","","","49","","","","","60","","","","","63","","64","","66","",
"Algeria","DZA","UHC service coverage index","SH.UHC.SRVS.CV.XD","","","","","","","","","","","","","","","","","","","","","","","","","","","","","","","","","","","","","","","","","61","","","","","65","","","","","70","","","","","75","","75","","75","",
"East Asia & Pacific (excluding high income)","EAP","UHC service coverage index","SH.UHC.SRVS.CV.XD","","","","","","","","","","","","","","","","","","","","","","","","","","","","","","","","","","","","","","","","","","","","","","","","","","","","","","","","","","","","","",
"Early-demographic dividend","EAR","UHC service coverage index","SH.UHC.SRVS.CV.XD","","","","","","","","","","","","","","","","","","","","","","","","","","","","","","","","","","","","","","","","","","","","","","","","","","","","","","","","","","","","","",
"East Asia & Pacific","EAS","UHC service coverage index","SH.UHC.SRVS.CV.XD","","","","","","","","","","","","","","","","","","","","","","","","","","","","","","","","","","","","","","","","","47.0340444835473","","","","","55.7044026041626","","","","","64.2172392587964","","","","","71.4534815892376","","74.6054067038999","","76.7007135777167","",
"Europe & Central Asia (excluding high income)","ECA","UHC service coverage index","SH.UHC.SRVS.CV.XD","","","","","","","","","","","","","","","","","","","","","","","","","","","","","","","","","","","","","","","","","","","","","","","","","","","","","","","","","","","","","",
"Europe & Central Asia","ECS","UHC service coverage index","SH.UHC.SRVS.CV.XD","","","","","","","","","","","","","","","","","","","","","","","","","","","","","","","","","","","","","","","","","63.741144280006","","","","","66.3015313100235","","","","","72.70852414104","","","","","76.5017116054376","","78.0842705922694","","79.2217011045631","",
"Ecuador","ECU","UHC service coverage index","SH.UHC.SRVS.CV.XD","","","","","","","","","","","","","","","","","","","","","","","","","","","","","","","","","","","","","","","","","56","","","","","62","","","","","73","","","","","76","","78","","80","",
"Egypt, Arab Rep.","EGY","UHC service coverage index","SH.UHC.SRVS.CV.XD","","","","","","","","","","","","","","","","","","","","","","","","","","","","","","","","","","","","","","","","","42","","","","","46","","","","","59","","","","","62","","65","","70","",
"Euro area","EMU","UHC service coverage index","SH.UHC.SRVS.CV.XD","","","","","","","","","","","","","","","","","","","","","","","","","","","","","","","","","","","","","","","","","","","","","","","","","","","","","","","","","","","","","",
"Eritrea","ERI","UHC service coverage index","SH.UHC.SRVS.CV.XD","","","","","","","","","","","","","","","","","","","","","","","","","","","","","","","","","","","","","","","","","29","","","","","36","","","","","44","","","","","46","","48","","50","",
"Spain","ESP","UHC service coverage index","SH.UHC.SRVS.CV.XD","","","","","","","","","","","","","","","","","","","","","","","","","","","","","","","","","","","","","","","","","74","","","","","78","","","","","82","","","","","84","","85","","86","",
"Estonia","EST","UHC service coverage index","SH.UHC.SRVS.CV.XD","","","","","","","","","","","","","","","","","","","","","","","","","","","","","","","","","","","","","","","","","60","","","","","61","","","","","71","","","","","75","","77","","78","",
"Ethiopia","ETH","UHC service coverage index","SH.UHC.SRVS.CV.XD","","","","","","","","","","","","","","","","","","","","","","","","","","","","","","","","","","","","","","","","","16","","","","","20","","","","","31","","","","","37","","37","","38","",
"European Union","EUU","UHC service coverage index","SH.UHC.SRVS.CV.XD","","","","","","","","","","","","","","","","","","","","","","","","","","","","","","","","","","","","","","","","","","","","","","","","","","","","","","","","","","","","","",
"Fragile and conflict affected situations","FCS","UHC service coverage index","SH.UHC.SRVS.CV.XD","","","","","","","","","","","","","","","","","","","","","","","","","","","","","","","","","","","","","","","","","","","","","","","","","","","","","","","","","","","","","",
"Finland","FIN","UHC service coverage index","SH.UHC.SRVS.CV.XD","","","","","","","","","","","","","","","","","","","","","","","","","","","","","","","","","","","","","","","","","75","","","","","80","","","","","82","","","","","84","","83","","83","",
"Fiji","FJI","UHC service coverage index","SH.UHC.SRVS.CV.XD","","","","","","","","","","","","","","","","","","","","","","","","","","","","","","","","","","","","","","","","","45","","","","","53","","","","","56","","","","","58","","59","","61","",
"France","FRA","UHC service coverage index","SH.UHC.SRVS.CV.XD","","","","","","","","","","","","","","","","","","","","","","","","","","","","","","","","","","","","","","","","","81","","","","","82","","","","","83","","","","","83","","84","","84","",
"Faroe Islands","FRO","UHC service coverage index","SH.UHC.SRVS.CV.XD","","","","","","","","","","","","","","","","","","","","","","","","","","","","","","","","","","","","","","","","","","","","","","","","","","","","","","","","","","","","","",
"Micronesia, Fed. Sts.","FSM","UHC service coverage index","SH.UHC.SRVS.CV.XD","","","","","","","","","","","","","","","","","","","","","","","","","","","","","","","","","","","","","","","","","41","","","","","43","","","","","49","","","","","46","","47","","48","",
"Gabon","GAB","UHC service coverage index","SH.UHC.SRVS.CV.XD","","","","","","","","","","","","","","","","","","","","","","","","","","","","","","","","","","","","","","","","","30","","","","","39","","","","","46","","","","","51","","51","","49","",
"United Kingdom","GBR","UHC service coverage index","SH.UHC.SRVS.CV.XD","","","","","","","","","","","","","","","","","","","","","","","","","","","","","","","","","","","","","","","","","74","","","","","80","","","","","84","","","","","87","","87","","88","",
"Georgia","GEO","UHC service coverage index","SH.UHC.SRVS.CV.XD","","","","","","","","","","","","","","","","","","","","","","","","","","","","","","","","","","","","","","","","","45","","","","","57","","","","","63","","","","","65","","65","","65","",
"Ghana","GHA","UHC service coverage index","SH.UHC.SRVS.CV.XD","","","","","","","","","","","","","","","","","","","","","","","","","","","","","","","","","","","","","","","","","24","","","","","25","","","","","34","","","","","41","","42","","45","",
"Gibraltar","GIB","UHC service coverage index","SH.UHC.SRVS.CV.XD","","","","","","","","","","","","","","","","","","","","","","","","","","","","","","","","","","","","","","","","","","","","","","","","","","","","","","","","","","","","","",
"Guinea","GIN","UHC service coverage index","SH.UHC.SRVS.CV.XD","","","","","","","","","","","","","","","","","","","","","","","","","","","","","","","","","","","","","","","","","16","","","","","22","","","","","29","","","","","33","","35","","37","",
"Gambia, The","GMB","UHC service coverage index","SH.UHC.SRVS.CV.XD","","","","","","","","","","","","","","","","","","","","","","","","","","","","","","","","","","","","","","","","","31","","","","","37","","","","","41","","","","","45","","46","","48","",
"Guinea-Bissau","GNB","UHC service coverage index","SH.UHC.SRVS.CV.XD","","","","","","","","","","","","","","","","","","","","","","","","","","","","","","","","","","","","","","","","","17","","","","","22","","","","","30","","","","","38","","38","","37","",
"Equatorial Guinea","GNQ","UHC service coverage index","SH.UHC.SRVS.CV.XD","","","","","","","","","","","","","","","","","","","","","","","","","","","","","","","","","","","","","","","","","27","","","","","30","","","","","37","","","","","40","","43","","43","",
"Greece","GRC","UHC service coverage index","SH.UHC.SRVS.CV.XD","","","","","","","","","","","","","","","","","","","","","","","","","","","","","","","","","","","","","","","","","66","","","","","70","","","","","72","","","","","75","","77","","78","",
"Grenada","GRD","UHC service coverage index","SH.UHC.SRVS.CV.XD","","","","","","","","","","","","","","","","","","","","","","","","","","","","","","","","","","","","","","","","","41","","","","","61","","","","","65","","","","","67","","69","","70","",
"Greenland","GRL","UHC service coverage index","SH.UHC.SRVS.CV.XD","","","","","","","","","","","","","","","","","","","","","","","","","","","","","","","","","","","","","","","","","","","","","","","","","","","","","","","","","","","","","",
"Guatemala","GTM","UHC service coverage index","SH.UHC.SRVS.CV.XD","","","","","","","","","","","","","","","","","","","","","","","","","","","","","","","","","","","","","","","","","44","","","","","53","","","","","59","","","","","57","","56","","57","",
"Guam","GUM","UHC service coverage index","SH.UHC.SRVS.CV.XD","","","","","","","","","","","","","","","","","","","","","","","","","","","","","","","","","","","","","","","","","","","","","","","","","","","","","","","","","","","","","",
"Guyana","GUY","UHC service coverage index","SH.UHC.SRVS.CV.XD","","","","","","","","","","","","","","","","","","","","","","","","","","","","","","","","","","","","","","","","","49","","","","","63","","","","","69","","","","","72","","73","","74","",
"High income","HIC","UHC service coverage index","SH.UHC.SRVS.CV.XD","","","","","","","","","","","","","","","","","","","","","","","","","","","","","","","","","","","","","","","","","74","","","","","78","","","","","80","","","","","82","","82","","83","",
"Hong Kong SAR, China","HKG","UHC service coverage index","SH.UHC.SRVS.CV.XD","","","","","","","","","","","","","","","","","","","","","","","","","","","","","","","","","","","","","","","","","","","","","","","","","","","","","","","","","","","","","",
"Honduras","HND","UHC service coverage index","SH.UHC.SRVS.CV.XD","","","","","","","","","","","","","","","","","","","","","","","","","","","","","","","","","","","","","","","","","42","","","","","52","","","","","57","","","","","60","","60","","63","",
"Heavily indebted poor countries (HIPC)","HPC","UHC service coverage index","SH.UHC.SRVS.CV.XD","","","","","","","","","","","","","","","","","","","","","","","","","","","","","","","","","","","","","","","","","","","","","","","","","","","","","","","","","","","","","",
"Croatia","HRV","UHC service coverage index","SH.UHC.SRVS.CV.XD","","","","","","","","","","","","","","","","","","","","","","","","","","","","","","","","","","","","","","","","","67","","","","","69","","","","","70","","","","","71","","72","","73","",
"Haiti","HTI","UHC service coverage index","SH.UHC.SRVS.CV.XD","","","","","","","","","","","","","","","","","","","","","","","","","","","","","","","","","","","","","","","","","23","","","","","33","","","","","42","","","","","44","","46","","47","",
"Hungary","HUN","UHC service coverage index","SH.UHC.SRVS.CV.XD","","","","","","","","","","","","","","","","","","","","","","","","","","","","","","","","","","","","","","","","","67","","","","","67","","","","","67","","","","","70","","71","","73","",
"IBRD only","IBD","UHC service coverage index","SH.UHC.SRVS.CV.XD","","","","","","","","","","","","","","","","","","","","","","","","","","","","","","","","","","","","","","","","","","","","","","","","","","","","","","","","","","","","","",
"IDA & IBRD total","IBT","UHC service coverage index","SH.UHC.SRVS.CV.XD","","","","","","","","","","","","","","","","","","","","","","","","","","","","","","","","","","","","","","","","","","","","","","","","","","","","","","","","","","","","","",
"IDA total","IDA","UHC service coverage index","SH.UHC.SRVS.CV.XD","","","","","","","","","","","","","","","","","","","","","","","","","","","","","","","","","","","","","","","","","","","","","","","","","","","","","","","","","","","","","",
"IDA blend","IDB","UHC service coverage index","SH.UHC.SRVS.CV.XD","","","","","","","","","","","","","","","","","","","","","","","","","","","","","","","","","","","","","","","","","","","","","","","","","","","","","","","","","","","","","",
"Indonesia","IDN","UHC service coverage index","SH.UHC.SRVS.CV.XD","","","","","","","","","","","","","","","","","","","","","","","","","","","","","","","","","","","","","","","","","22","","","","","33","","","","","45","","","","","51","","55","","59","",
"IDA only","IDX","UHC service coverage index","SH.UHC.SRVS.CV.XD","","","","","","","","","","","","","","","","","","","","","","","","","","","","","","","","","","","","","","","","","","","","","","","","","","","","","","","","","","","","","",
"Isle of Man","IMN","UHC service coverage index","SH.UHC.SRVS.CV.XD","","","","","","","","","","","","","","","","","","","","","","","","","","","","","","","","","","","","","","","","","","","","","","","","","","","","","","","","","","","","","",
"India","IND","UHC service coverage index","SH.UHC.SRVS.CV.XD","","","","","","","","","","","","","","","","","","","","","","","","","","","","","","","","","","","","","","","","","31","","","","","33","","","","","48","","","","","55","","57","","61","",
"Not classified","INX","UHC service coverage index","SH.UHC.SRVS.CV.XD","","","","","","","","","","","","","","","","","","","","","","","","","","","","","","","","","","","","","","","","","","","","","","","","","","","","","","","","","","","","","",
"Ireland","IRL","UHC service coverage index","SH.UHC.SRVS.CV.XD","","","","","","","","","","","","","","","","","","","","","","","","","","","","","","","","","","","","","","","","","75","","","","","78","","","","","79","","","","","82","","82","","83","",
"Iran, Islamic Rep.","IRN","UHC service coverage index","SH.UHC.SRVS.CV.XD","","","","","","","","","","","","","","","","","","","","","","","","","","","","","","","","","","","","","","","","","37","","","","","49","","","","","57","","","","","69","","74","","77","",
"Iraq","IRQ","UHC service coverage index","SH.UHC.SRVS.CV.XD","","","","","","","","","","","","","","","","","","","","","","","","","","","","","","","","","","","","","","","","","43","","","","","46","","","","","47","","","","","49","","53","","55","",
"Iceland","ISL","UHC service coverage index","SH.UHC.SRVS.CV.XD","","","","","","","","","","","","","","","","","","","","","","","","","","","","","","","","","","","","","","","","","77","","","","","81","","","","","83","","","","","85","","86","","87","",
"Israel","ISR","UHC service coverage index","SH.UHC.SRVS.CV.XD","","","","","","","","","","","","","","","","","","","","","","","","","","","","","","","","","","","","","","","","","77","","","","","80","","","","","82","","","","","83","","84","","84","",
"Italy","ITA","UHC service coverage index","SH.UHC.SRVS.CV.XD","","","","","","","","","","","","","","","","","","","","","","","","","","","","","","","","","","","","","","","","","70","","","","","76","","","","","79","","","","","81","","82","","83","",
"Jamaica","JAM","UHC service coverage index","SH.UHC.SRVS.CV.XD","","","","","","","","","","","","","","","","","","","","","","","","","","","","","","","","","","","","","","","","","37","","","","","61","","","","","66","","","","","68","","69","","70","",
"Jordan","JOR","UHC service coverage index","SH.UHC.SRVS.CV.XD","","","","","","","","","","","","","","","","","","","","","","","","","","","","","","","","","","","","","","","","","57","","","","","59","","","","","61","","","","","60","","61","","60","",
"Japan","JPN","UHC service coverage index","SH.UHC.SRVS.CV.XD","","","","","","","","","","","","","","","","","","","","","","","","","","","","","","","","","","","","","","","","","70","","","","","77","","","","","80","","","","","83","","84","","85","",
"Kazakhstan","KAZ","UHC service coverage index","SH.UHC.SRVS.CV.XD","","","","","","","","","","","","","","","","","","","","","","","","","","","","","","","","","","","","","","","","","39","","","","","57","","","","","64","","","","","71","","73","","76","",
"Kenya","KEN","UHC service coverage index","SH.UHC.SRVS.CV.XD","","","","","","","","","","","","","","","","","","","","","","","","","","","","","","","","","","","","","","","","","30","","","","","37","","","","","47","","","","","52","","54","","56","",
"Kyrgyz Republic","KGZ","UHC service coverage index","SH.UHC.SRVS.CV.XD","","","","","","","","","","","","","","","","","","","","","","","","","","","","","","","","","","","","","","","","","52","","","","","57","","","","","61","","","","","69","","71","","70","",
"Cambodia","KHM","UHC service coverage index","SH.UHC.SRVS.CV.XD","","","","","","","","","","","","","","","","","","","","","","","","","","","","","","","","","","","","","","","","","19","","","","","41","","","","","53","","","","","58","","60","","61","",
"Kiribati","KIR","UHC service coverage index","SH.UHC.SRVS.CV.XD","","","","","","","","","","","","","","","","","","","","","","","","","","","","","","","","","","","","","","","","","30","","","","","35","","","","","44","","","","","48","","50","","51","",
"St. Kitts and Nevis","KNA","UHC service coverage index","SH.UHC.SRVS.CV.XD","","","","","","","","","","","","","","","","","","","","","","","","","","","","","","","","","","","","","","","","","42","","","","","63","","","","","68","","","","","70","","71","","72","",
"Korea, Rep.","KOR","UHC service coverage index","SH.UHC.SRVS.CV.XD","","","","","","","","","","","","","","","","","","","","","","","","","","","","","","","","","","","","","","","","","75","","","","","81","","","","","83","","","","","85","","86","","87","",
"Kuwait","KWT","UHC service coverage index","SH.UHC.SRVS.CV.XD","","","","","","","","","","","","","","","","","","","","","","","","","","","","","","","","","","","","","","","","","67","","","","","68","","","","","66","","","","","67","","68","","70","",
"Latin America & Caribbean (excluding high income)","LAC","UHC service coverage index","SH.UHC.SRVS.CV.XD","","","","","","","","","","","","","","","","","","","","","","","","","","","","","","","","","","","","","","","","","","","","","","","","","","","","","","","","","","","","","",
"Lao PDR","LAO","UHC service coverage index","SH.UHC.SRVS.CV.XD","","","","","","","","","","","","","","","","","","","","","","","","","","","","","","","","","","","","","","","","","26","","","","","34","","","","","39","","","","","45","","48","","50","",
"Lebanon","LBN","UHC service coverage index","SH.UHC.SRVS.CV.XD","","","","","","","","","","","","","","","","","","","","","","","","","","","","","","","","","","","","","","","","","54","","","","","62","","","","","66","","","","","68","","69","","72","",
"Liberia","LBR","UHC service coverage index","SH.UHC.SRVS.CV.XD","","","","","","","","","","","","","","","","","","","","","","","","","","","","","","","","","","","","","","","","","22","","","","","24","","","","","35","","","","","38","","39","","42","",
"Libya","LBY","UHC service coverage index","SH.UHC.SRVS.CV.XD","","","","","","","","","","","","","","","","","","","","","","","","","","","","","","","","","","","","","","","","","53","","","","","55","","","","","58","","","","","57","","60","","60","",
"St. Lucia","LCA","UHC service coverage index","SH.UHC.SRVS.CV.XD","","","","","","","","","","","","","","","","","","","","","","","","","","","","","","","","","","","","","","","","","42","","","","","64","","","","","69","","","","","71","","70","","72","",
"Latin America & Caribbean","LCN","UHC service coverage index","SH.UHC.SRVS.CV.XD","","","","","","","","","","","","","","","","","","","","","","","","","","","","","","","","","","","","","","","","","58.8394803721404","","","","","65.7659424696614","","","","","70.135074784136","","","","","72.7216521712745","","72.9465587885706","","73.58209006938","",
"Least developed countries: UN classification","LDC","UHC service coverage index","SH.UHC.SRVS.CV.XD","","","","","","","","","","","","","","","","","","","","","","","","","","","","","","","","","","","","","","","","","","","","","","","","","","","","","","","","","","","","","",
"Low income","LIC","UHC service coverage index","SH.UHC.SRVS.CV.XD","","","","","","","","","","","","","","","","","","","","","","","","","","","","","","","","","","","","","","","","","28","","","","","32","","","","","37","","","","","38","","42","","42","",
"Liechtenstein","LIE","UHC service coverage index","SH.UHC.SRVS.CV.XD","","","","","","","","","","","","","","","","","","","","","","","","","","","","","","","","","","","","","","","","","","","","","","","","","","","","","","","","","","","","","",
"Sri Lanka","LKA","UHC service coverage index","SH.UHC.SRVS.CV.XD","","","","","","","","","","","","","","","","","","","","","","","","","","","","","","","","","","","","","","","","","45","","","","","48","","","","","55","","","","","60","","64","","67","",
"Lower middle income","LMC","UHC service coverage index","SH.UHC.SRVS.CV.XD","","","","","","","","","","","","","","","","","","","","","","","","","","","","","","","","","","","","","","","","","49","","","","","55","","","","","47","","","","","52","","55","","58","",
"Low & middle income","LMY","UHC service coverage index","SH.UHC.SRVS.CV.XD","","","","","","","","","","","","","","","","","","","","","","","","","","","","","","","","","","","","","","","","","","","","","","","","","","","","","","","","","","","","","",
"Lesotho","LSO","UHC service coverage index","SH.UHC.SRVS.CV.XD","","","","","","","","","","","","","","","","","","","","","","","","","","","","","","","","","","","","","","","","","27","","","","","33","","","","","43","","","","","46","","48","","48","",
"Late-demographic dividend","LTE","UHC service coverage index","SH.UHC.SRVS.CV.XD","","","","","","","","","","","","","","","","","","","","","","","","","","","","","","","","","","","","","","","","","","","","","","","","","","","","","","","","","","","","","",
"Lithuania","LTU","UHC service coverage index","SH.UHC.SRVS.CV.XD","","","","","","","","","","","","","","","","","","","","","","","","","","","","","","","","","","","","","","","","","47","","","","","53","","","","","58","","","","","65","","67","","70","",
"Luxembourg","LUX","UHC service coverage index","SH.UHC.SRVS.CV.XD","","","","","","","","","","","","","","","","","","","","","","","","","","","","","","","","","","","","","","","","","77","","","","","79","","","","","80","","","","","83","","84","","86","",
"Latvia","LVA","UHC service coverage index","SH.UHC.SRVS.CV.XD","","","","","","","","","","","","","","","","","","","","","","","","","","","","","","","","","","","","","","","","","51","","","","","56","","","","","63","","","","","66","","70","","72","",
"Macao SAR, China","MAC","UHC service coverage index","SH.UHC.SRVS.CV.XD","","","","","","","","","","","","","","","","","","","","","","","","","","","","","","","","","","","","","","","","","","","","","","","","","","","","","","","","","","","","","",
"St. Martin (French part)","MAF","UHC service coverage index","SH.UHC.SRVS.CV.XD","","","","","","","","","","","","","","","","","","","","","","","","","","","","","","","","","","","","","","","","","","","","","","","","","","","","","","","","","","","","","",
"Morocco","MAR","UHC service coverage index","SH.UHC.SRVS.CV.XD","","","","","","","","","","","","","","","","","","","","","","","","","","","","","","","","","","","","","","","","","45","","","","","55","","","","","63","","","","","70","","71","","73","",
"Monaco","MCO","UHC service coverage index","SH.UHC.SRVS.CV.XD","","","","","","","","","","","","","","","","","","","","","","","","","","","","","","","","","","","","","","","","","75","","","","","79","","","","","81","","","","","83","","84","","85","",
"Moldova","MDA","UHC service coverage index","SH.UHC.SRVS.CV.XD","","","","","","","","","","","","","","","","","","","","","","","","","","","","","","","","","","","","","","","","","49","","","","","49","","","","","58","","","","","64","","66","","67","",
"Madagascar","MDG","UHC service coverage index","SH.UHC.SRVS.CV.XD","","","","","","","","","","","","","","","","","","","","","","","","","","","","","","","","","","","","","","","","","19","","","","","23","","","","","28","","","","","31","","31","","35","",
"Maldives","MDV","UHC service coverage index","SH.UHC.SRVS.CV.XD","","","","","","","","","","","","","","","","","","","","","","","","","","","","","","","","","","","","","","","","","46","","","","","49","","","","","62","","","","","68","","71","","69","",
"Middle East & North Africa","MEA","UHC service coverage index","SH.UHC.SRVS.CV.XD","","","","","","","","","","","","","","","","","","","","","","","","","","","","","","","","","","","","","","","","","46.6473833127722","","","","","52.8982473267117","","","","","59.8365680050882","","","","","64.2325888660498","","66.6420845394728","","68.8120232260136","",
"Mexico","MEX","UHC service coverage index","SH.UHC.SRVS.CV.XD","","","","","","","","","","","","","","","","","","","","","","","","","","","","","","","","","","","","","","","","","60","","","","","65","","","","","70","","","","","73","","73","","74","",
"Marshall Islands","MHL","UHC service coverage index","SH.UHC.SRVS.CV.XD","","","","","","","","","","","","","","","","","","","","","","","","","","","","","","","","","","","","","","","","","42","","","","","45","","","","","56","","","","","60","","61","","62","",
"Middle income","MIC","UHC service coverage index","SH.UHC.SRVS.CV.XD","","","","","","","","","","","","","","","","","","","","","","","","","","","","","","","","","","","","","","","","","","","","","","","","","","","","","","","","","","","","","",
"North Macedonia","MKD","UHC service coverage index","SH.UHC.SRVS.CV.XD","","","","","","","","","","","","","","","","","","","","","","","","","","","","","","","","","","","","","","","","","57","","","","","57","","","","","62","","","","","66","","67","","68","",
"Mali","MLI","UHC service coverage index","SH.UHC.SRVS.CV.XD","","","","","","","","","","","","","","","","","","","","","","","","","","","","","","","","","","","","","","","","","21","","","","","25","","","","","36","","","","","38","","39","","42","",
"Malta","MLT","UHC service coverage index","SH.UHC.SRVS.CV.XD","","","","","","","","","","","","","","","","","","","","","","","","","","","","","","","","","","","","","","","","","72","","","","","72","","","","","74","","","","","79","","80","","81","",
"Myanmar","MMR","UHC service coverage index","SH.UHC.SRVS.CV.XD","","","","","","","","","","","","","","","","","","","","","","","","","","","","","","","","","","","","","","","","","27","","","","","34","","","","","45","","","","","54","","56","","61","",
"Middle East & North Africa (excluding high income)","MNA","UHC service coverage index","SH.UHC.SRVS.CV.XD","","","","","","","","","","","","","","","","","","","","","","","","","","","","","","","","","","","","","","","","","","","","","","","","","","","","","","","","","","","","","",
"Montenegro","MNE","UHC service coverage index","SH.UHC.SRVS.CV.XD","","","","","","","","","","","","","","","","","","","","","","","","","","","","","","","","","","","","","","","","","57","","","","","61","","","","","63","","","","","64","","65","","67","",
"Mongolia","MNG","UHC service coverage index","SH.UHC.SRVS.CV.XD","","","","","","","","","","","","","","","","","","","","","","","","","","","","","","","","","","","","","","","","","44","","","","","43","","","","","54","","","","","62","","63","","63","",
"Northern Mariana Islands","MNP","UHC service coverage index","SH.UHC.SRVS.CV.XD","","","","","","","","","","","","","","","","","","","","","","","","","","","","","","","","","","","","","","","","","","","","","","","","","","","","","","","","","","","","","",
"Mozambique","MOZ","UHC service coverage index","SH.UHC.SRVS.CV.XD","","","","","","","","","","","","","","","","","","","","","","","","","","","","","","","","","","","","","","","","","23","","","","","27","","","","","35","","","","","43","","46","","47","",
"Mauritania","MRT","UHC service coverage index","SH.UHC.SRVS.CV.XD","","","","","","","","","","","","","","","","","","","","","","","","","","","","","","","","","","","","","","","","","18","","","","","26","","","","","33","","","","","34","","41","","40","",
"Mauritius","MUS","UHC service coverage index","SH.UHC.SRVS.CV.XD","","","","","","","","","","","","","","","","","","","","","","","","","","","","","","","","","","","","","","","","","43","","","","","52","","","","","57","","","","","63","","64","","65","",
"Malawi","MWI","UHC service coverage index","SH.UHC.SRVS.CV.XD","","","","","","","","","","","","","","","","","","","","","","","","","","","","","","","","","","","","","","","","","25","","","","","31","","","","","40","","","","","43","","47","","48","",
"Malaysia","MYS","UHC service coverage index","SH.UHC.SRVS.CV.XD","","","","","","","","","","","","","","","","","","","","","","","","","","","","","","","","","","","","","","","","","48","","","","","64","","","","","68","","","","","73","","75","","76","",
"North America","NAC","UHC service coverage index","SH.UHC.SRVS.CV.XD","","","","","","","","","","","","","","","","","","","","","","","","","","","","","","","","","","","","","","","","","76","","","","","79.1967520037323","","","","","80.3961749656962","","","","","81.8013178652604","","82.7073268111295","","83.6164140987816","",
"Namibia","NAM","UHC service coverage index","SH.UHC.SRVS.CV.XD","","","","","","","","","","","","","","","","","","","","","","","","","","","","","","","","","","","","","","","","","38","","","","","47","","","","","54","","","","","59","","59","","62","",
"New Caledonia","NCL","UHC service coverage index","SH.UHC.SRVS.CV.XD","","","","","","","","","","","","","","","","","","","","","","","","","","","","","","","","","","","","","","","","","","","","","","","","","","","","","","","","","","","","","",
"Niger","NER","UHC service coverage index","SH.UHC.SRVS.CV.XD","","","","","","","","","","","","","","","","","","","","","","","","","","","","","","","","","","","","","","","","","17","","","","","21","","","","","32","","","","","34","","34","","37","",
"Nigeria","NGA","UHC service coverage index","SH.UHC.SRVS.CV.XD","","","","","","","","","","","","","","","","","","","","","","","","","","","","","","","","","","","","","","","","","20","","","","","28","","","","","38","","","","","40","","41","","44","",
"Nicaragua","NIC","UHC service coverage index","SH.UHC.SRVS.CV.XD","","","","","","","","","","","","","","","","","","","","","","","","","","","","","","","","","","","","","","","","","47","","","","","52","","","","","63","","","","","68","","68","","70","",
"Netherlands","NLD","UHC service coverage index","SH.UHC.SRVS.CV.XD","","","","","","","","","","","","","","","","","","","","","","","","","","","","","","","","","","","","","","","","","79","","","","","80","","","","","82","","","","","85","","85","","86","",
"Norway","NOR","UHC service coverage index","SH.UHC.SRVS.CV.XD","","","","","","","","","","","","","","","","","","","","","","","","","","","","","","","","","","","","","","","","","74","","","","","80","","","","","82","","","","","84","","85","","86","",
"Nepal","NPL","UHC service coverage index","SH.UHC.SRVS.CV.XD","","","","","","","","","","","","","","","","","","","","","","","","","","","","","","","","","","","","","","","","","20","","","","","24","","","","","37","","","","","45","","48","","53","",
"Nauru","NRU","UHC service coverage index","SH.UHC.SRVS.CV.XD","","","","","","","","","","","","","","","","","","","","","","","","","","","","","","","","","","","","","","","","","32","","","","","37","","","","","47","","","","","51","","52","","54","",
"New Zealand","NZL","UHC service coverage index","SH.UHC.SRVS.CV.XD","","","","","","","","","","","","","","","","","","","","","","","","","","","","","","","","","","","","","","","","","77","","","","","81","","","","","82","","","","","84","","85","","86","",
"OECD members","OED","UHC service coverage index","SH.UHC.SRVS.CV.XD","","","","","","","","","","","","","","","","","","","","","","","","","","","","","","","","","","","","","","","","","","","","","","","","","","","","","","","","","","","","","",
"Oman","OMN","UHC service coverage index","SH.UHC.SRVS.CV.XD","","","","","","","","","","","","","","","","","","","","","","","","","","","","","","","","","","","","","","","","","63","","","","","64","","","","","66","","","","","67","","69","","69","",
"Other small states","OSS","UHC service coverage index","SH.UHC.SRVS.CV.XD","","","","","","","","","","","","","","","","","","","","","","","","","","","","","","","","","","","","","","","","","","","","","","","","","","","","","","","","","","","","","",
"Pakistan","PAK","UHC service coverage index","SH.UHC.SRVS.CV.XD","","","","","","","","","","","","","","","","","","","","","","","","","","","","","","","","","","","","","","","","","23","","","","","32","","","","","36","","","","","41","","43","","45","",
"Panama","PAN","UHC service coverage index","SH.UHC.SRVS.CV.XD","","","","","","","","","","","","","","","","","","","","","","","","","","","","","","","","","","","","","","","","","64","","","","","68","","","","","72","","","","","73","","76","","77","",
"Peru","PER","UHC service coverage index","SH.UHC.SRVS.CV.XD","","","","","","","","","","","","","","","","","","","","","","","","","","","","","","","","","","","","","","","","","40","","","","","60","","","","","72","","","","","76","","77","","78","",
"Philippines","PHL","UHC service coverage index","SH.UHC.SRVS.CV.XD","","","","","","","","","","","","","","","","","","","","","","","","","","","","","","","","","","","","","","","","","35","","","","","37","","","","","43","","","","","49","","53","","55","",
"Palau","PLW","UHC service coverage index","SH.UHC.SRVS.CV.XD","","","","","","","","","","","","","","","","","","","","","","","","","","","","","","","","","","","","","","","","","44","","","","","45","","","","","52","","","","","56","","58","","59","",
"Papua New Guinea","PNG","UHC service coverage index","SH.UHC.SRVS.CV.XD","","","","","","","","","","","","","","","","","","","","","","","","","","","","","","","","","","","","","","","","","27","","","","","29","","","","","36","","","","","38","","36","","33","",
"Poland","POL","UHC service coverage index","SH.UHC.SRVS.CV.XD","","","","","","","","","","","","","","","","","","","","","","","","","","","","","","","","","","","","","","","","","63","","","","","68","","","","","70","","","","","73","","74","","74","",
"Pre-demographic dividend","PRE","UHC service coverage index","SH.UHC.SRVS.CV.XD","","","","","","","","","","","","","","","","","","","","","","","","","","","","","","","","","","","","","","","","","","","","","","","","","","","","","","","","","","","","","",
"Puerto Rico","PRI","UHC service coverage index","SH.UHC.SRVS.CV.XD","","","","","","","","","","","","","","","","","","","","","","","","","","","","","","","","","","","","","","","","","","","","","","","","","","","","","","","","","","","","","",
"Korea, Dem. People's Rep.","PRK","UHC service coverage index","SH.UHC.SRVS.CV.XD","","","","","","","","","","","","","","","","","","","","","","","","","","","","","","","","","","","","","","","","","43","","","","","45","","","","","48","","","","","39","","68","","68","",
"Portugal","PRT","UHC service coverage index","SH.UHC.SRVS.CV.XD","","","","","","","","","","","","","","","","","","","","","","","","","","","","","","","","","","","","","","","","","71","","","","","76","","","","","80","","","","","82","","84","","84","",
"Paraguay","PRY","UHC service coverage index","SH.UHC.SRVS.CV.XD","","","","","","","","","","","","","","","","","","","","","","","","","","","","","","","","","","","","","","","","","43","","","","","49","","","","","55","","","","","59","","60","","61","",
"West Bank and Gaza","PSE","UHC service coverage index","SH.UHC.SRVS.CV.XD","","","","","","","","","","","","","","","","","","","","","","","","","","","","","","","","","","","","","","","","","","","","","","","","","","","","","","","","","","","","","",
"Pacific island small states","PSS","UHC service coverage index","SH.UHC.SRVS.CV.XD","","","","","","","","","","","","","","","","","","","","","","","","","","","","","","","","","","","","","","","","","","","","","","","","","","","","","","","","","","","","","",
"Post-demographic dividend","PST","UHC service coverage index","SH.UHC.SRVS.CV.XD","","","","","","","","","","","","","","","","","","","","","","","","","","","","","","","","","","","","","","","","","","","","","","","","","","","","","","","","","","","","","",
"French Polynesia","PYF","UHC service coverage index","SH.UHC.SRVS.CV.XD","","","","","","","","","","","","","","","","","","","","","","","","","","","","","","","","","","","","","","","","","","","","","","","","","","","","","","","","","","","","","",
"Qatar","QAT","UHC service coverage index","SH.UHC.SRVS.CV.XD","","","","","","","","","","","","","","","","","","","","","","","","","","","","","","","","","","","","","","","","","51","","","","","52","","","","","50","","","","","66","","72","","74","",
"Romania","ROU","UHC service coverage index","SH.UHC.SRVS.CV.XD","","","","","","","","","","","","","","","","","","","","","","","","","","","","","","","","","","","","","","","","","67","","","","","69","","","","","69","","","","","71","","71","","71","",
"Russian Federation","RUS","UHC service coverage index","SH.UHC.SRVS.CV.XD","","","","","","","","","","","","","","","","","","","","","","","","","","","","","","","","","","","","","","","","","51","","","","","45","","","","","66","","","","","71","","74","","75","",
"Rwanda","RWA","UHC service coverage index","SH.UHC.SRVS.CV.XD","","","","","","","","","","","","","","","","","","","","","","","","","","","","","","","","","","","","","","","","","23","","","","","31","","","","","45","","","","","53","","55","","54","",
"South Asia","SAS","UHC service coverage index","SH.UHC.SRVS.CV.XD","","","","","","","","","","","","","","","","","","","","","","","","","","","","","","","","","","","","","","","","","29.3959774838574","","","","","32.1814258783006","","","","","45.2481922433877","","","","","51.9681422120252","","54.0999371061081","","57.6763116065993","",
"Saudi Arabia","SAU","UHC service coverage index","SH.UHC.SRVS.CV.XD","","","","","","","","","","","","","","","","","","","","","","","","","","","","","","","","","","","","","","","","","73","","","","","73","","","","","73","","","","","71","","72","","73","",
"Sudan","SDN","UHC service coverage index","SH.UHC.SRVS.CV.XD","","","","","","","","","","","","","","","","","","","","","","","","","","","","","","","","","","","","","","","","","27","","","","","29","","","","","37","","","","","42","","44","","44","",
"Senegal","SEN","UHC service coverage index","SH.UHC.SRVS.CV.XD","","","","","","","","","","","","","","","","","","","","","","","","","","","","","","","","","","","","","","","","","21","","","","","27","","","","","42","","","","","46","","47","","49","",
"Singapore","SGP","UHC service coverage index","SH.UHC.SRVS.CV.XD","","","","","","","","","","","","","","","","","","","","","","","","","","","","","","","","","","","","","","","","","62","","","","","68","","","","","78","","","","","84","","85","","86","",
"Solomon Islands","SLB","UHC service coverage index","SH.UHC.SRVS.CV.XD","","","","","","","","","","","","","","","","","","","","","","","","","","","","","","","","","","","","","","","","","35","","","","","36","","","","","45","","","","","48","","49","","50","",
"Sierra Leone","SLE","UHC service coverage index","SH.UHC.SRVS.CV.XD","","","","","","","","","","","","","","","","","","","","","","","","","","","","","","","","","","","","","","","","","17","","","","","19","","","","","30","","","","","35","","38","","39","",
"El Salvador","SLV","UHC service coverage index","SH.UHC.SRVS.CV.XD","","","","","","","","","","","","","","","","","","","","","","","","","","","","","","","","","","","","","","","","","50","","","","","63","","","","","69","","","","","73","","74","","76","",
"San Marino","SMR","UHC service coverage index","SH.UHC.SRVS.CV.XD","","","","","","","","","","","","","","","","","","","","","","","","","","","","","","","","","","","","","","","","","73","","","","","76","","","","","78","","","","","80","","81","","82","",
"Somalia","SOM","UHC service coverage index","SH.UHC.SRVS.CV.XD","","","","","","","","","","","","","","","","","","","","","","","","","","","","","","","","","","","","","","","","","14","","","","","14","","","","","20","","","","","24","","27","","27","",
"Serbia","SRB","UHC service coverage index","SH.UHC.SRVS.CV.XD","","","","","","","","","","","","","","","","","","","","","","","","","","","","","","","","","","","","","","","","","49","","","","","68","","","","","68","","","","","69","","70","","71","",
"Sub-Saharan Africa (excluding high income)","SSA","UHC service coverage index","SH.UHC.SRVS.CV.XD","","","","","","","","","","","","","","","","","","","","","","","","","","","","","","","","","","","","","","","","","","","","","","","","","","","","","","","","","","","","","",
"South Sudan","SSD","UHC service coverage index","SH.UHC.SRVS.CV.XD","","","","","","","","","","","","","","","","","","","","","","","","","","","","","","","","","","","","","","","","","20","","","","","21","","","","","24","","","","","28","","31","","32","",
"Sub-Saharan Africa","SSF","UHC service coverage index","SH.UHC.SRVS.CV.XD","","","","","","","","","","","","","","","","","","","","","","","","","","","","","","","","","","","","","","","","","22.3197196792026","","","","","27.9901972075057","","","","","37.0120821525394","","","","","41.3788361320514","","42.8685217352155","","44.5641181691946","",
"Small states","SST","UHC service coverage index","SH.UHC.SRVS.CV.XD","","","","","","","","","","","","","","","","","","","","","","","","","","","","","","","","","","","","","","","","","","","","","","","","","","","","","","","","","","","","","",
"Sao Tome and Principe","STP","UHC service coverage index","SH.UHC.SRVS.CV.XD","","","","","","","","","","","","","","","","","","","","","","","","","","","","","","","","","","","","","","","","","36","","","","","42","","","","","52","","","","","58","","60","","60","",
"Suriname","SUR","UHC service coverage index","SH.UHC.SRVS.CV.XD","","","","","","","","","","","","","","","","","","","","","","","","","","","","","","","","","","","","","","","","","41","","","","","57","","","","","63","","","","","67","","68","","67","",
"Slovak Republic","SVK","UHC service coverage index","SH.UHC.SRVS.CV.XD","","","","","","","","","","","","","","","","","","","","","","","","","","","","","","","","","","","","","","","","","62","","","","","71","","","","","72","","","","","75","","76","","77","",
"Slovenia","SVN","UHC service coverage index","SH.UHC.SRVS.CV.XD","","","","","","","","","","","","","","","","","","","","","","","","","","","","","","","","","","","","","","","","","71","","","","","71","","","","","75","","","","","77","","79","","80","",
"Sweden","SWE","UHC service coverage index","SH.UHC.SRVS.CV.XD","","","","","","","","","","","","","","","","","","","","","","","","","","","","","","","","","","","","","","","","","75","","","","","78","","","","","82","","","","","86","","86","","87","",
"Eswatini","SWZ","UHC service coverage index","SH.UHC.SRVS.CV.XD","","","","","","","","","","","","","","","","","","","","","","","","","","","","","","","","","","","","","","","","","34","","","","","46","","","","","52","","","","","54","","57","","58","",
"Sint Maarten (Dutch part)","SXM","UHC service coverage index","SH.UHC.SRVS.CV.XD","","","","","","","","","","","","","","","","","","","","","","","","","","","","","","","","","","","","","","","","","","","","","","","","","","","","","","","","","","","","","",
"Seychelles","SYC","UHC service coverage index","SH.UHC.SRVS.CV.XD","","","","","","","","","","","","","","","","","","","","","","","","","","","","","","","","","","","","","","","","","46","","","","","50","","","","","60","","","","","66","","68","","70","",
"Syrian Arab Republic","SYR","UHC service coverage index","SH.UHC.SRVS.CV.XD","","","","","","","","","","","","","","","","","","","","","","","","","","","","","","","","","","","","","","","","","44","","","","","51","","","","","55","","","","","54","","56","","56","",
"Turks and Caicos Islands","TCA","UHC service coverage index","SH.UHC.SRVS.CV.XD","","","","","","","","","","","","","","","","","","","","","","","","","","","","","","","","","","","","","","","","","","","","","","","","","","","","","","","","","","","","","",
"Chad","TCD","UHC service coverage index","SH.UHC.SRVS.CV.XD","","","","","","","","","","","","","","","","","","","","","","","","","","","","","","","","","","","","","","","","","16","","","","","16","","","","","24","","","","","28","","29","","28","",
"East Asia & Pacific (IDA & IBRD countries)","TEA","UHC service coverage index","SH.UHC.SRVS.CV.XD","","","","","","","","","","","","","","","","","","","","","","","","","","","","","","","","","","","","","","","","","","","","","","","","","","","","","","","","","","","","","",
"Europe & Central Asia (IDA & IBRD countries)","TEC","UHC service coverage index","SH.UHC.SRVS.CV.XD","","","","","","","","","","","","","","","","","","","","","","","","","","","","","","","","","","","","","","","","","","","","","","","","","","","","","","","","","","","","","",
"Togo","TGO","UHC service coverage index","SH.UHC.SRVS.CV.XD","","","","","","","","","","","","","","","","","","","","","","","","","","","","","","","","","","","","","","","","","23","","","","","30","","","","","35","","","","","40","","42","","44","",
"Thailand","THA","UHC service coverage index","SH.UHC.SRVS.CV.XD","","","","","","","","","","","","","","","","","","","","","","","","","","","","","","","","","","","","","","","","","41","","","","","63","","","","","70","","","","","75","","80","","83","",
"Tajikistan","TJK","UHC service coverage index","SH.UHC.SRVS.CV.XD","","","","","","","","","","","","","","","","","","","","","","","","","","","","","","","","","","","","","","","","","41","","","","","44","","","","","55","","","","","62","","65","","66","",
"Turkmenistan","TKM","UHC service coverage index","SH.UHC.SRVS.CV.XD","","","","","","","","","","","","","","","","","","","","","","","","","","","","","","","","","","","","","","","","","54","","","","","60","","","","","66","","","","","69","","71","","73","",
"Latin America & the Caribbean (IDA & IBRD countries)","TLA","UHC service coverage index","SH.UHC.SRVS.CV.XD","","","","","","","","","","","","","","","","","","","","","","","","","","","","","","","","","","","","","","","","","","","","","","","","","","","","","","","","","","","","","",
"Timor-Leste","TLS","UHC service coverage index","SH.UHC.SRVS.CV.XD","","","","","","","","","","","","","","","","","","","","","","","","","","","","","","","","","","","","","","","","","33","","","","","32","","","","","46","","","","","49","","50","","53","",
"Middle East & North Africa (IDA & IBRD countries)","TMN","UHC service coverage index","SH.UHC.SRVS.CV.XD","","","","","","","","","","","","","","","","","","","","","","","","","","","","","","","","","","","","","","","","","","","","","","","","","","","","","","","","","","","","","",
"Tonga","TON","UHC service coverage index","SH.UHC.SRVS.CV.XD","","","","","","","","","","","","","","","","","","","","","","","","","","","","","","","","","","","","","","","","","46","","","","","47","","","","","54","","","","","54","","55","","56","",
"South Asia (IDA & IBRD)","TSA","UHC service coverage index","SH.UHC.SRVS.CV.XD","","","","","","","","","","","","","","","","","","","","","","","","","","","","","","","","","","","","","","","","","","","","","","","","","","","","","","","","","","","","","",
"Sub-Saharan Africa (IDA & IBRD countries)","TSS","UHC service coverage index","SH.UHC.SRVS.CV.XD","","","","","","","","","","","","","","","","","","","","","","","","","","","","","","","","","","","","","","","","","","","","","","","","","","","","","","","","","","","","","",
"Trinidad and Tobago","TTO","UHC service coverage index","SH.UHC.SRVS.CV.XD","","","","","","","","","","","","","","","","","","","","","","","","","","","","","","","","","","","","","","","","","43","","","","","64","","","","","69","","","","","72","","72","","73","",
"Tunisia","TUN","UHC service coverage index","SH.UHC.SRVS.CV.XD","","","","","","","","","","","","","","","","","","","","","","","","","","","","","","","","","","","","","","","","","47","","","","","57","","","","","63","","","","","66","","68","","70","",
"Turkey","TUR","UHC service coverage index","SH.UHC.SRVS.CV.XD","","","","","","","","","","","","","","","","","","","","","","","","","","","","","","","","","","","","","","","","","61","","","","","65","","","","","66","","","","","77","","77","","79","",
"Tuvalu","TUV","UHC service coverage index","SH.UHC.SRVS.CV.XD","","","","","","","","","","","","","","","","","","","","","","","","","","","","","","","","","","","","","","","","","37","","","","","39","","","","","47","","","","","50","","52","","52","",
"Tanzania","TZA","UHC service coverage index","SH.UHC.SRVS.CV.XD","","","","","","","","","","","","","","","","","","","","","","","","","","","","","","","","","","","","","","","","","19","","","","","27","","","","","37","","","","","41","","43","","46","",
"Uganda","UGA","UHC service coverage index","SH.UHC.SRVS.CV.XD","","","","","","","","","","","","","","","","","","","","","","","","","","","","","","","","","","","","","","","","","22","","","","","31","","","","","40","","","","","45","","48","","50","",
"Ukraine","UKR","UHC service coverage index","SH.UHC.SRVS.CV.XD","","","","","","","","","","","","","","","","","","","","","","","","","","","","","","","","","","","","","","","","","48","","","","","51","","","","","59","","","","","63","","70","","73","",
"Upper middle income","UMC","UHC service coverage index","SH.UHC.SRVS.CV.XD","","","","","","","","","","","","","","","","","","","","","","","","","","","","","","","","","","","","","","","","","62","","","","","59","","","","","68","","","","","74","","77","","77","",
"Uruguay","URY","UHC service coverage index","SH.UHC.SRVS.CV.XD","","","","","","","","","","","","","","","","","","","","","","","","","","","","","","","","","","","","","","","","","65","","","","","68","","","","","74","","","","","78","","78","","79","",
"United States","USA","UHC service coverage index","SH.UHC.SRVS.CV.XD","","","","","","","","","","","","","","","","","","","","","","","","","","","","","","","","","","","","","","","","","76","","","","","79","","","","","80","","","","","81","","82","","83","",
"Uzbekistan","UZB","UHC service coverage index","SH.UHC.SRVS.CV.XD","","","","","","","","","","","","","","","","","","","","","","","","","","","","","","","","","","","","","","","","","52","","","","","52","","","","","63","","","","","67","","69","","71","",
"St. Vincent and the Grenadines","VCT","UHC service coverage index","SH.UHC.SRVS.CV.XD","","","","","","","","","","","","","","","","","","","","","","","","","","","","","","","","","","","","","","","","","42","","","","","63","","","","","68","","","","","71","","72","","73","",
"Venezuela, RB","VEN","UHC service coverage index","SH.UHC.SRVS.CV.XD","","","","","","","","","","","","","","","","","","","","","","","","","","","","","","","","","","","","","","","","","52","","","","","61","","","","","66","","","","","71","","69","","70","",
"British Virgin Islands","VGB","UHC service coverage index","SH.UHC.SRVS.CV.XD","","","","","","","","","","","","","","","","","","","","","","","","","","","","","","","","","","","","","","","","","","","","","","","","","","","","","","","","","","","","","",
"Virgin Islands (U.S.)","VIR","UHC service coverage index","SH.UHC.SRVS.CV.XD","","","","","","","","","","","","","","","","","","","","","","","","","","","","","","","","","","","","","","","","","","","","","","","","","","","","","","","","","","","","","",
"Vietnam","VNM","UHC service coverage index","SH.UHC.SRVS.CV.XD","","","","","","","","","","","","","","","","","","","","","","","","","","","","","","","","","","","","","","","","","40","","","","","44","","","","","59","","","","","66","","68","","70","",
"Vanuatu","VUT","UHC service coverage index","SH.UHC.SRVS.CV.XD","","","","","","","","","","","","","","","","","","","","","","","","","","","","","","","","","","","","","","","","","40","","","","","39","","","","","48","","","","","49","","50","","52","",
"World","WLD","UHC service coverage index","SH.UHC.SRVS.CV.XD","","","","","","","","","","","","","","","","","","","","","","","","","","","","","","","","","","","","","","","","","45","","","","","50","","","","","58","","","","","64","","65","","67","",
"Samoa","WSM","UHC service coverage index","SH.UHC.SRVS.CV.XD","","","","","","","","","","","","","","","","","","","","","","","","","","","","","","","","","","","","","","","","","43","","","","","40","","","","","50","","","","","53","","54","","53","",
"Kosovo","XKX","UHC service coverage index","SH.UHC.SRVS.CV.XD","","","","","","","","","","","","","","","","","","","","","","","","","","","","","","","","","","","","","","","","","","","","","","","","","","","","","","","","","","","","","",
"Yemen, Rep.","YEM","UHC service coverage index","SH.UHC.SRVS.CV.XD","","","","","","","","","","","","","","","","","","","","","","","","","","","","","","","","","","","","","","","","","31","","","","","32","","","","","41","","","","","43","","44","","44","",
"South Africa","ZAF","UHC service coverage index","SH.UHC.SRVS.CV.XD","","","","","","","","","","","","","","","","","","","","","","","","","","","","","","","","","","","","","","","","","36","","","","","47","","","","","58","","","","","64","","66","","67","",
"Zambia","ZMB","UHC service coverage index","SH.UHC.SRVS.CV.XD","","","","","","","","","","","","","","","","","","","","","","","","","","","","","","","","","","","","","","","","","30","","","","","35","","","","","45","","","","","50","","52","","55","",
"Zimbabwe","ZWE","UHC service coverage index","SH.UHC.SRVS.CV.XD","","","","","","","","","","","","","","","","","","","","","","","","","","","","","","","","","","","","","","","","","32","","","","","33","","","","","47","","","","","55","","56","","55","",
